Issue key,Summary,Issue Type,Status,Status Category,Created,Updated,Resolved,Status Category Changed,Assignee,Sprint,Sprint Id,Sprint State,Sprint Start Date,Sprint End Date,Sprint Complete Date,Primary Sprint Id,Sprint State (Full),Status Transitions,Num Transitions,QA Entered Count,QA Failed Count,Has Rework,Rework Count,Lead Time (Changelog),Time In Progress (Changelog),Time In QA (Changelog),Time To First Progress,Project name,Status Category (Mapped),Lead Time (Days),Resolved Week,Resolved Date Range,Created Week,Created Date Range,Updated Week,Updated Date Range
DO-67,"Fix duplicate key erros on medicine_inventory, invoices_recorder, visit_prescriptions",Task,In Progress,In Progress,2025-11-26T06:57:52.407000+00:00,2025-11-27T09:12:35.663000+00:00,,2025-11-26T09:43:42.889000+00:00,Placide,DO Sprint 8,1688,active,2025-11-24T09:13:54.831000+00:00,2025-12-01T09:13:00+00:00,,1688,active,"[{""issue_key"": ""DO-67"", ""timestamp"": ""2025-11-26T11:43:42.888+0200"", ""from_status"": ""To Do"", ""to_status"": ""In Progress"", ""author"": ""Placide""}]",1,0,0,False,0,0.0,0.0,0.0,0.0,Dev Ops,In Progress,0.0,,None,2025-47,24 Nov 2025 - 30 Nov 2025,2025-47,24 Nov 2025 - 30 Nov 2025
DO-66,Overload- create a script on aos that will monitor the memory usage on Bsc and once it reaches on 80 % the script should allow AOS to take over.,Task,To Do,To Do,2025-11-24T12:24:09.207000+00:00,2025-11-24T12:25:21.284000+00:00,,2025-11-24T12:24:09.541000+00:00,Pascal Kabika,DO Sprint 8,1688,active,2025-11-24T09:13:54.831000+00:00,2025-12-01T09:13:00+00:00,,1688,active,None,0,0,0,False,0,,,,,Dev Ops,Not Done,0.0,,None,2025-47,24 Nov 2025 - 30 Nov 2025,2025-47,24 Nov 2025 - 30 Nov 2025
DO-65,Overload - create a script on Bsc that will monitor the memory usage on aos and once it reaches on 80 % the script should allow Bsc to take over.,Task,To Do,To Do,2025-11-24T12:23:54.904000+00:00,2025-11-24T12:25:17.757000+00:00,,2025-11-24T12:23:55.277000+00:00,Pascal Kabika,DO Sprint 8,1688,active,2025-11-24T09:13:54.831000+00:00,2025-12-01T09:13:00+00:00,,1688,active,None,0,0,0,False,0,,,,,Dev Ops,Not Done,0.0,,None,2025-47,24 Nov 2025 - 30 Nov 2025,2025-47,24 Nov 2025 - 30 Nov 2025
DO-64,Fix the Time out- There were different Time frames: The switching took less time for one user but it took very long time for another users upon  multiple refreshes on the lb.,Task,To Do,To Do,2025-11-24T12:19:16.796000+00:00,2025-11-24T12:23:19.166000+00:00,,2025-11-24T12:19:17.056000+00:00,Pascal Kabika,DO Sprint 8,1688,active,2025-11-24T09:13:54.831000+00:00,2025-12-01T09:13:00+00:00,,1688,active,None,0,0,0,False,0,,,,,Dev Ops,Not Done,0.0,,None,2025-47,24 Nov 2025 - 30 Nov 2025,2025-47,24 Nov 2025 - 30 Nov 2025
DO-61,Fix the user sessions were not persistent- users were continuously being logged out on lb.,Task,To Do,To Do,2025-11-24T12:10:18.126000+00:00,2025-11-24T12:23:12.118000+00:00,,2025-11-24T12:10:19.045000+00:00,Pascal Kabika,DO Sprint 8,1688,active,2025-11-24T09:13:54.831000+00:00,2025-12-01T09:13:00+00:00,,1688,active,None,0,0,0,False,0,,,,,Dev Ops,Not Done,0.0,,None,2025-47,24 Nov 2025 - 30 Nov 2025,2025-47,24 Nov 2025 - 30 Nov 2025
DO-60,Load balancing Testing,Task,To Do,To Do,2025-11-24T08:27:19.672000+00:00,2025-11-24T08:27:50.405000+00:00,,2025-11-24T08:27:20.585000+00:00,ISHIMWE Deborah,DO Sprint 8,1688,active,2025-11-24T09:13:54.831000+00:00,2025-12-01T09:13:00+00:00,,1688,active,None,0,0,0,False,0,,,,,Dev Ops,Not Done,0.0,,None,2025-47,24 Nov 2025 - 30 Nov 2025,2025-47,24 Nov 2025 - 30 Nov 2025
DO-59,Import diabetes clinic database to postgres,Task,Done,Done,2025-11-24T02:47:08.987000+00:00,2025-11-24T02:47:20.378000+00:00,2025-11-24T02:47:20.349000+00:00,2025-11-24T02:47:20.379000+00:00,Placide,DO Sprint 7,1655,closed,2025-11-17T00:49:29.009000+00:00,2025-11-23T14:06:00+00:00,2025-11-27T09:12:47.240000+00:00,1655,closed,"[{""issue_key"": ""DO-59"", ""timestamp"": ""2025-11-24T04:47:09.491+0200"", ""from_status"": ""To Do"", ""to_status"": ""In Progress"", ""author"": ""Placide""}, {""issue_key"": ""DO-59"", ""timestamp"": ""2025-11-24T04:47:20.378+0200"", ""from_status"": ""In Progress"", ""to_status"": ""Done"", ""author"": ""Placide""}]",2,0,0,False,0,0.0,0.0,0.0,0.0,Dev Ops,Done,0.0,2025-47,24 Nov 2025 - 30 Nov 2025,2025-47,24 Nov 2025 - 30 Nov 2025,2025-47,24 Nov 2025 - 30 Nov 2025
DO-58,Fix 500 errors on payments and medicines inventory pages,Task,Done,Done,2025-11-24T02:46:30.980000+00:00,2025-11-24T02:46:38.071000+00:00,2025-11-24T02:46:37.682000+00:00,2025-11-24T02:46:37.706000+00:00,Unassigned,DO Sprint 7,1655,closed,2025-11-17T00:49:29.009000+00:00,2025-11-23T14:06:00+00:00,2025-11-27T09:12:47.240000+00:00,1655,closed,"[{""issue_key"": ""DO-58"", ""timestamp"": ""2025-11-24T04:46:31.476+0200"", ""from_status"": ""To Do"", ""to_status"": ""In Progress"", ""author"": ""Placide""}, {""issue_key"": ""DO-58"", ""timestamp"": ""2025-11-24T04:46:37.705+0200"", ""from_status"": ""In Progress"", ""to_status"": ""Done"", ""author"": ""Placide""}]",2,0,0,False,0,0.0,0.0,0.0,0.0,Dev Ops,Done,0.0,2025-47,24 Nov 2025 - 30 Nov 2025,2025-47,24 Nov 2025 - 30 Nov 2025,2025-47,24 Nov 2025 - 30 Nov 2025
DO-57,"Optimize database: Invoices_recorder, visit_ubudehe_contributions and visits",Task,Done,Done,2025-11-24T02:46:04.096000+00:00,2025-11-24T02:46:44.938000+00:00,2025-11-24T02:46:44.501000+00:00,2025-11-24T02:46:44.531000+00:00,Placide,DO Sprint 7,1655,closed,2025-11-17T00:49:29.009000+00:00,2025-11-23T14:06:00+00:00,2025-11-27T09:12:47.240000+00:00,1655,closed,"[{""issue_key"": ""DO-57"", ""timestamp"": ""2025-11-24T04:46:04.606+0200"", ""from_status"": ""To Do"", ""to_status"": ""In Progress"", ""author"": ""Placide""}, {""issue_key"": ""DO-57"", ""timestamp"": ""2025-11-24T04:46:44.530+0200"", ""from_status"": ""In Progress"", ""to_status"": ""Done"", ""author"": ""Placide""}]",2,0,0,False,0,0.0,0.0,0.0,0.0,Dev Ops,Done,0.0,2025-47,24 Nov 2025 - 30 Nov 2025,2025-47,24 Nov 2025 - 30 Nov 2025,2025-47,24 Nov 2025 - 30 Nov 2025
DO-56,Create an Error on AOS to see if the BSC takes over,Task,Done,Done,2025-11-23T19:53:28.891000+00:00,2025-11-24T00:49:11.668000+00:00,2025-11-24T00:49:11.649000+00:00,2025-11-24T00:49:11.669000+00:00,Pascal Kabika,"DO Sprint 7, DO Sprint 6","1655, 1453","closed, closed",2025-11-17T00:49:29.009000+00:00,2025-11-23T14:06:00+00:00,2025-11-27T09:12:47.240000+00:00,1655,closed,"[{""issue_key"": ""DO-56"", ""timestamp"": ""2025-11-23T21:54:23.196+0200"", ""from_status"": ""To Do"", ""to_status"": ""Done"", ""author"": ""Pascal Kabika""}, {""issue_key"": ""DO-56"", ""timestamp"": ""2025-11-24T02:47:44.286+0200"", ""from_status"": ""Done"", ""to_status"": ""To Do"", ""author"": ""Sandrine CYIMANA""}, {""issue_key"": ""DO-56"", ""timestamp"": ""2025-11-24T02:49:11.668+0200"", ""from_status"": ""To Do"", ""to_status"": ""Done"", ""author"": ""Sandrine CYIMANA""}]",3,0,0,True,1,0.0,0.0,0.0,,Dev Ops,Done,0.21,2025-47,24 Nov 2025 - 30 Nov 2025,2025-46,17 Nov 2025 - 23 Nov 2025,2025-47,24 Nov 2025 - 30 Nov 2025
DO-55,Test the Load Balancing,Task,Done,Done,2025-11-23T19:52:44.498000+00:00,2025-11-24T00:49:14.279000+00:00,2025-11-24T00:49:14.251000+00:00,2025-11-24T00:49:14.280000+00:00,Pascal Kabika,"DO Sprint 7, DO Sprint 6","1655, 1453","closed, closed",2025-11-17T00:49:29.009000+00:00,2025-11-23T14:06:00+00:00,2025-11-27T09:12:47.240000+00:00,1655,closed,"[{""issue_key"": ""DO-55"", ""timestamp"": ""2025-11-23T21:53:07.149+0200"", ""from_status"": ""To Do"", ""to_status"": ""Done"", ""author"": ""Pascal Kabika""}, {""issue_key"": ""DO-55"", ""timestamp"": ""2025-11-24T02:47:35.337+0200"", ""from_status"": ""Done"", ""to_status"": ""To Do"", ""author"": ""Sandrine CYIMANA""}, {""issue_key"": ""DO-55"", ""timestamp"": ""2025-11-24T02:49:14.279+0200"", ""from_status"": ""To Do"", ""to_status"": ""Done"", ""author"": ""Sandrine CYIMANA""}]",3,0,0,True,1,0.0,0.0,0.0,,Dev Ops,Done,0.21,2025-47,24 Nov 2025 - 30 Nov 2025,2025-46,17 Nov 2025 - 23 Nov 2025,2025-47,24 Nov 2025 - 30 Nov 2025
DO-54,Create New user on BSC in order to increase security,Task,Done,Done,2025-11-23T19:52:20.615000+00:00,2025-11-24T00:49:36.931000+00:00,2025-11-24T00:49:36.903000+00:00,2025-11-24T00:49:36.932000+00:00,Pascal Kabika,"DO Sprint 7, DO Sprint 6","1655, 1453","closed, closed",2025-11-17T00:49:29.009000+00:00,2025-11-23T14:06:00+00:00,2025-11-27T09:12:47.240000+00:00,1655,closed,"[{""issue_key"": ""DO-54"", ""timestamp"": ""2025-11-23T21:53:03.002+0200"", ""from_status"": ""To Do"", ""to_status"": ""Done"", ""author"": ""Pascal Kabika""}, {""issue_key"": ""DO-54"", ""timestamp"": ""2025-11-24T02:47:17.694+0200"", ""from_status"": ""Done"", ""to_status"": ""To Do"", ""author"": ""Sandrine CYIMANA""}, {""issue_key"": ""DO-54"", ""timestamp"": ""2025-11-24T02:49:36.931+0200"", ""from_status"": ""To Do"", ""to_status"": ""Done"", ""author"": ""Sandrine CYIMANA""}]",3,0,0,True,1,0.0,0.0,0.0,,Dev Ops,Done,0.21,2025-47,24 Nov 2025 - 30 Nov 2025,2025-46,17 Nov 2025 - 23 Nov 2025,2025-47,24 Nov 2025 - 30 Nov 2025
DO-53,Database User Password Reset Planning,Task,Done,Done,2025-11-23T19:51:50.067000+00:00,2025-11-24T00:49:39.286000+00:00,2025-11-24T00:49:39.256000+00:00,2025-11-24T00:49:39.287000+00:00,Pascal Kabika,"DO Sprint 7, DO Sprint 6","1655, 1453","closed, closed",2025-11-17T00:49:29.009000+00:00,2025-11-23T14:06:00+00:00,2025-11-27T09:12:47.240000+00:00,1655,closed,"[{""issue_key"": ""DO-53"", ""timestamp"": ""2025-11-23T21:52:58.488+0200"", ""from_status"": ""To Do"", ""to_status"": ""Done"", ""author"": ""Pascal Kabika""}, {""issue_key"": ""DO-53"", ""timestamp"": ""2025-11-24T02:47:41.095+0200"", ""from_status"": ""Done"", ""to_status"": ""To Do"", ""author"": ""Sandrine CYIMANA""}, {""issue_key"": ""DO-53"", ""timestamp"": ""2025-11-24T02:49:39.286+0200"", ""from_status"": ""To Do"", ""to_status"": ""Done"", ""author"": ""Sandrine CYIMANA""}]",3,0,0,True,1,0.0,0.0,0.0,,Dev Ops,Done,0.21,2025-47,24 Nov 2025 - 30 Nov 2025,2025-46,17 Nov 2025 - 23 Nov 2025,2025-47,24 Nov 2025 - 30 Nov 2025
DO-52,PostgreSQL Client Installation Verification - Confirmed psql client is available in pod for database connectivity tests,Task,Done,Done,2025-11-23T19:51:17.529000+00:00,2025-11-24T00:49:42.499000+00:00,2025-11-24T00:49:42.470000+00:00,2025-11-24T00:49:42.499000+00:00,Pascal Kabika,"DO Sprint 7, DO Sprint 6","1655, 1453","closed, closed",2025-11-17T00:49:29.009000+00:00,2025-11-23T14:06:00+00:00,2025-11-27T09:12:47.240000+00:00,1655,closed,"[{""issue_key"": ""DO-52"", ""timestamp"": ""2025-11-23T21:52:53.852+0200"", ""from_status"": ""To Do"", ""to_status"": ""Done"", ""author"": ""Pascal Kabika""}, {""issue_key"": ""DO-52"", ""timestamp"": ""2025-11-24T02:47:04.434+0200"", ""from_status"": ""Done"", ""to_status"": ""To Do"", ""author"": ""Sandrine CYIMANA""}, {""issue_key"": ""DO-52"", ""timestamp"": ""2025-11-24T02:49:42.499+0200"", ""from_status"": ""To Do"", ""to_status"": ""Done"", ""author"": ""Sandrine CYIMANA""}]",3,0,0,True,1,0.0,0.0,0.0,,Dev Ops,Done,0.21,2025-47,24 Nov 2025 - 30 Nov 2025,2025-46,17 Nov 2025 - 23 Nov 2025,2025-47,24 Nov 2025 - 30 Nov 2025
H1-60,Prepare the analysis of the benchmarks metrics,Task,Done,Done,2025-11-23T19:42:43.526000+00:00,2025-11-23T19:54:09.272000+00:00,2025-11-23T19:54:08.911000+00:00,2025-11-23T19:54:08.929000+00:00,amani.mpangirwa,Project Initiation & Scoping 3,1621,closed,2025-11-17T19:44:33+00:00,2025-11-23T19:44:00+00:00,2025-11-27T09:09:11.038000+00:00,1621,closed,"[{""issue_key"": ""H1-60"", ""timestamp"": ""2025-11-23T21:43:36.663+0200"", ""from_status"": ""To Do"", ""to_status"": ""In Progress"", ""author"": ""amani.mpangirwa""}, {""issue_key"": ""H1-60"", ""timestamp"": ""2025-11-23T21:54:08.928+0200"", ""from_status"": ""In Progress"", ""to_status"": ""Done"", ""author"": ""amani.mpangirwa""}]",2,0,0,False,0,0.01,0.01,0.0,0.0,Horizon 1000,Done,0.01,2025-46,17 Nov 2025 - 23 Nov 2025,2025-46,17 Nov 2025 - 23 Nov 2025,2025-46,17 Nov 2025 - 23 Nov 2025
H1-59,"Fetch aggregated benchmark, compare different benchmark models",Task,Done,Done,2025-11-23T19:42:00.629000+00:00,2025-11-23T19:54:07.784000+00:00,2025-11-23T19:54:07.369000+00:00,2025-11-23T19:54:07.394000+00:00,amani.mpangirwa,Project Initiation & Scoping 3,1621,closed,2025-11-17T19:44:33+00:00,2025-11-23T19:44:00+00:00,2025-11-27T09:09:11.038000+00:00,1621,closed,"[{""issue_key"": ""H1-59"", ""timestamp"": ""2025-11-23T21:43:35.078+0200"", ""from_status"": ""To Do"", ""to_status"": ""In Progress"", ""author"": ""amani.mpangirwa""}, {""issue_key"": ""H1-59"", ""timestamp"": ""2025-11-23T21:54:07.393+0200"", ""from_status"": ""In Progress"", ""to_status"": ""Done"", ""author"": ""amani.mpangirwa""}]",2,0,0,False,0,0.01,0.01,0.0,0.0,Horizon 1000,Done,0.01,2025-46,17 Nov 2025 - 23 Nov 2025,2025-46,17 Nov 2025 - 23 Nov 2025,2025-46,17 Nov 2025 - 23 Nov 2025
H1-58,Fetch all benchmark results,Task,Done,Done,2025-11-23T19:41:20.782000+00:00,2025-11-23T19:54:06.972000+00:00,2025-11-23T19:54:06.627000+00:00,2025-11-23T19:54:06.645000+00:00,amani.mpangirwa,Project Initiation & Scoping 3,1621,closed,2025-11-17T19:44:33+00:00,2025-11-23T19:44:00+00:00,2025-11-27T09:09:11.038000+00:00,1621,closed,"[{""issue_key"": ""H1-58"", ""timestamp"": ""2025-11-23T21:43:32.739+0200"", ""from_status"": ""To Do"", ""to_status"": ""In Progress"", ""author"": ""amani.mpangirwa""}, {""issue_key"": ""H1-58"", ""timestamp"": ""2025-11-23T21:54:06.645+0200"", ""from_status"": ""In Progress"", ""to_status"": ""Done"", ""author"": ""amani.mpangirwa""}]",2,0,0,False,0,0.01,0.01,0.0,0.0,Horizon 1000,Done,0.01,2025-46,17 Nov 2025 - 23 Nov 2025,2025-46,17 Nov 2025 - 23 Nov 2025,2025-46,17 Nov 2025 - 23 Nov 2025
H1-57,Run the benchmarks,Task,Done,Done,2025-11-23T19:40:55.624000+00:00,2025-11-23T19:54:05.417000+00:00,2025-11-23T19:54:05.082000+00:00,2025-11-23T19:54:05.100000+00:00,amani.mpangirwa,Project Initiation & Scoping 3,1621,closed,2025-11-17T19:44:33+00:00,2025-11-23T19:44:00+00:00,2025-11-27T09:09:11.038000+00:00,1621,closed,"[{""issue_key"": ""H1-57"", ""timestamp"": ""2025-11-23T21:43:30.869+0200"", ""from_status"": ""To Do"", ""to_status"": ""In Progress"", ""author"": ""amani.mpangirwa""}, {""issue_key"": ""H1-57"", ""timestamp"": ""2025-11-23T21:54:05.099+0200"", ""from_status"": ""In Progress"", ""to_status"": ""Done"", ""author"": ""amani.mpangirwa""}]",2,0,0,False,0,0.01,0.01,0.0,0.0,Horizon 1000,Done,0.01,2025-46,17 Nov 2025 - 23 Nov 2025,2025-46,17 Nov 2025 - 23 Nov 2025,2025-46,17 Nov 2025 - 23 Nov 2025
H1-56,Upload audios that match with the metadata created,Task,Done,Done,2025-11-23T19:40:44.631000+00:00,2025-11-23T19:54:03.671000+00:00,2025-11-23T19:54:03.246000+00:00,2025-11-23T19:54:03.276000+00:00,amani.mpangirwa,Project Initiation & Scoping 3,1621,closed,2025-11-17T19:44:33+00:00,2025-11-23T19:44:00+00:00,2025-11-27T09:09:11.038000+00:00,1621,closed,"[{""issue_key"": ""H1-56"", ""timestamp"": ""2025-11-23T21:43:28.543+0200"", ""from_status"": ""To Do"", ""to_status"": ""In Progress"", ""author"": ""amani.mpangirwa""}, {""issue_key"": ""H1-56"", ""timestamp"": ""2025-11-23T21:54:03.275+0200"", ""from_status"": ""In Progress"", ""to_status"": ""Done"", ""author"": ""amani.mpangirwa""}]",2,0,0,False,0,0.01,0.01,0.0,0.0,Horizon 1000,Done,0.01,2025-46,17 Nov 2025 - 23 Nov 2025,2025-46,17 Nov 2025 - 23 Nov 2025,2025-46,17 Nov 2025 - 23 Nov 2025
H1-55,Setting benchmark samples meta data,Task,Done,Done,2025-11-23T19:40:19.475000+00:00,2025-11-23T19:54:02.221000+00:00,2025-11-23T19:54:01.873000+00:00,2025-11-23T19:54:01.891000+00:00,amani.mpangirwa,Project Initiation & Scoping 3,1621,closed,2025-11-17T19:44:33+00:00,2025-11-23T19:44:00+00:00,2025-11-27T09:09:11.038000+00:00,1621,closed,"[{""issue_key"": ""H1-55"", ""timestamp"": ""2025-11-23T21:43:26.737+0200"", ""from_status"": ""To Do"", ""to_status"": ""In Progress"", ""author"": ""amani.mpangirwa""}, {""issue_key"": ""H1-55"", ""timestamp"": ""2025-11-23T21:54:01.890+0200"", ""from_status"": ""In Progress"", ""to_status"": ""Done"", ""author"": ""amani.mpangirwa""}]",2,0,0,False,0,0.01,0.01,0.0,0.0,Horizon 1000,Done,0.01,2025-46,17 Nov 2025 - 23 Nov 2025,2025-46,17 Nov 2025 - 23 Nov 2025,2025-46,17 Nov 2025 - 23 Nov 2025
H1-54,"Creating benchmark, providing benchmark metadata",Task,Done,Done,2025-11-23T19:40:02.203000+00:00,2025-11-23T19:53:59.640000+00:00,2025-11-23T19:53:59.622000+00:00,2025-11-23T19:53:59.641000+00:00,amani.mpangirwa,Project Initiation & Scoping 3,1621,closed,2025-11-17T19:44:33+00:00,2025-11-23T19:44:00+00:00,2025-11-27T09:09:11.038000+00:00,1621,closed,"[{""issue_key"": ""H1-54"", ""timestamp"": ""2025-11-23T21:43:24.896+0200"", ""from_status"": ""To Do"", ""to_status"": ""In Progress"", ""author"": ""amani.mpangirwa""}, {""issue_key"": ""H1-54"", ""timestamp"": ""2025-11-23T21:53:59.640+0200"", ""from_status"": ""In Progress"", ""to_status"": ""Done"", ""author"": ""amani.mpangirwa""}]",2,0,0,False,0,0.01,0.01,0.0,0.0,Horizon 1000,Done,0.01,2025-46,17 Nov 2025 - 23 Nov 2025,2025-46,17 Nov 2025 - 23 Nov 2025,2025-46,17 Nov 2025 - 23 Nov 2025
H1-53,Fetch active models and loaded models,Task,Done,Done,2025-11-23T19:39:05.097000+00:00,2025-11-23T19:53:57.965000+00:00,2025-11-23T19:53:57.935000+00:00,2025-11-23T19:53:57.966000+00:00,amani.mpangirwa,Project Initiation & Scoping 3,1621,closed,2025-11-17T19:44:33+00:00,2025-11-23T19:44:00+00:00,2025-11-27T09:09:11.038000+00:00,1621,closed,"[{""issue_key"": ""H1-53"", ""timestamp"": ""2025-11-23T21:43:23.428+0200"", ""from_status"": ""To Do"", ""to_status"": ""In Progress"", ""author"": ""amani.mpangirwa""}, {""issue_key"": ""H1-53"", ""timestamp"": ""2025-11-23T21:53:57.965+0200"", ""from_status"": ""In Progress"", ""to_status"": ""Done"", ""author"": ""amani.mpangirwa""}]",2,0,0,False,0,0.01,0.01,0.0,0.0,Horizon 1000,Done,0.01,2025-46,17 Nov 2025 - 23 Nov 2025,2025-46,17 Nov 2025 - 23 Nov 2025,2025-46,17 Nov 2025 - 23 Nov 2025
H1-52,"fetching benchmakrs, displaying recent benchmark",Task,Done,Done,2025-11-23T19:38:52.020000+00:00,2025-11-23T19:53:56.466000+00:00,2025-11-23T19:53:56.455000+00:00,2025-11-23T19:53:56.467000+00:00,amani.mpangirwa,Project Initiation & Scoping 3,1621,closed,2025-11-17T19:44:33+00:00,2025-11-23T19:44:00+00:00,2025-11-27T09:09:11.038000+00:00,1621,closed,"[{""issue_key"": ""H1-52"", ""timestamp"": ""2025-11-23T21:43:20.275+0200"", ""from_status"": ""To Do"", ""to_status"": ""In Progress"", ""author"": ""amani.mpangirwa""}, {""issue_key"": ""H1-52"", ""timestamp"": ""2025-11-23T21:53:56.466+0200"", ""from_status"": ""In Progress"", ""to_status"": ""Done"", ""author"": ""amani.mpangirwa""}]",2,0,0,False,0,0.01,0.01,0.0,0.0,Horizon 1000,Done,0.01,2025-46,17 Nov 2025 - 23 Nov 2025,2025-46,17 Nov 2025 - 23 Nov 2025,2025-46,17 Nov 2025 - 23 Nov 2025
H1-51,Implementing the benchmarking dashboard,Task,Done,Done,2025-11-23T19:38:08.382000+00:00,2025-11-23T19:53:55.706000+00:00,2025-11-23T19:53:55.358000+00:00,2025-11-23T19:53:55.376000+00:00,amani.mpangirwa,Project Initiation & Scoping 3,1621,closed,2025-11-17T19:44:33+00:00,2025-11-23T19:44:00+00:00,2025-11-27T09:09:11.038000+00:00,1621,closed,"[{""issue_key"": ""H1-51"", ""timestamp"": ""2025-11-23T21:43:18.265+0200"", ""from_status"": ""To Do"", ""to_status"": ""In Progress"", ""author"": ""amani.mpangirwa""}, {""issue_key"": ""H1-51"", ""timestamp"": ""2025-11-23T21:53:55.376+0200"", ""from_status"": ""In Progress"", ""to_status"": ""Done"", ""author"": ""amani.mpangirwa""}]",2,0,0,False,0,0.01,0.01,0.0,0.0,Horizon 1000,Done,0.01,2025-46,17 Nov 2025 - 23 Nov 2025,2025-46,17 Nov 2025 - 23 Nov 2025,2025-46,17 Nov 2025 - 23 Nov 2025
H1-50,Deploy the benchmarking platform on the GPU,Task,Done,Done,2025-11-23T19:36:38.570000+00:00,2025-11-23T19:53:54.335000+00:00,2025-11-23T19:53:54.310000+00:00,2025-11-23T19:53:54.336000+00:00,amani.mpangirwa,Project Initiation & Scoping 3,1621,closed,2025-11-17T19:44:33+00:00,2025-11-23T19:44:00+00:00,2025-11-27T09:09:11.038000+00:00,1621,closed,"[{""issue_key"": ""H1-50"", ""timestamp"": ""2025-11-23T21:43:15.693+0200"", ""from_status"": ""To Do"", ""to_status"": ""In Progress"", ""author"": ""amani.mpangirwa""}, {""issue_key"": ""H1-50"", ""timestamp"": ""2025-11-23T21:53:54.335+0200"", ""from_status"": ""In Progress"", ""to_status"": ""Done"", ""author"": ""amani.mpangirwa""}]",2,0,0,False,0,0.01,0.01,0.0,0.0,Horizon 1000,Done,0.01,2025-46,17 Nov 2025 - 23 Nov 2025,2025-46,17 Nov 2025 - 23 Nov 2025,2025-46,17 Nov 2025 - 23 Nov 2025
H1-49,Configuring the GPU pods,Task,Done,Done,2025-11-23T19:36:10.529000+00:00,2025-11-23T19:53:53.438000+00:00,2025-11-23T19:53:53.410000+00:00,2025-11-23T19:53:53.439000+00:00,amani.mpangirwa,Project Initiation & Scoping 3,1621,closed,2025-11-17T19:44:33+00:00,2025-11-23T19:44:00+00:00,2025-11-27T09:09:11.038000+00:00,1621,closed,"[{""issue_key"": ""H1-49"", ""timestamp"": ""2025-11-23T21:43:13.323+0200"", ""from_status"": ""To Do"", ""to_status"": ""In Progress"", ""author"": ""amani.mpangirwa""}, {""issue_key"": ""H1-49"", ""timestamp"": ""2025-11-23T21:53:53.438+0200"", ""from_status"": ""In Progress"", ""to_status"": ""Done"", ""author"": ""amani.mpangirwa""}]",2,0,0,False,0,0.01,0.01,0.0,0.0,Horizon 1000,Done,0.01,2025-46,17 Nov 2025 - 23 Nov 2025,2025-46,17 Nov 2025 - 23 Nov 2025,2025-46,17 Nov 2025 - 23 Nov 2025
DO-51,Deployment Backup Creation,Task,Done,Done,2025-11-23T19:30:01.604000+00:00,2025-11-24T00:49:44.977000+00:00,2025-11-24T00:49:44.950000+00:00,2025-11-24T00:49:44.977000+00:00,Pascal Kabika,"DO Sprint 7, DO Sprint 6","1655, 1453","closed, closed",2025-11-17T00:49:29.009000+00:00,2025-11-23T14:06:00+00:00,2025-11-27T09:12:47.240000+00:00,1655,closed,"[{""issue_key"": ""DO-51"", ""timestamp"": ""2025-11-23T21:50:25.685+0200"", ""from_status"": ""To Do"", ""to_status"": ""Done"", ""author"": ""Pascal Kabika""}, {""issue_key"": ""DO-51"", ""timestamp"": ""2025-11-24T02:47:11.683+0200"", ""from_status"": ""Done"", ""to_status"": ""To Do"", ""author"": ""Sandrine CYIMANA""}, {""issue_key"": ""DO-51"", ""timestamp"": ""2025-11-24T02:49:44.977+0200"", ""from_status"": ""To Do"", ""to_status"": ""Done"", ""author"": ""Sandrine CYIMANA""}]",3,0,0,True,1,0.0,0.0,0.0,,Dev Ops,Done,0.22,2025-47,24 Nov 2025 - 30 Nov 2025,2025-46,17 Nov 2025 - 23 Nov 2025,2025-47,24 Nov 2025 - 30 Nov 2025
DO-50,External Database Configuration Removal,Task,Done,Done,2025-11-23T19:29:48.650000+00:00,2025-11-24T00:49:50.127000+00:00,2025-11-24T00:49:50.100000+00:00,2025-11-24T00:49:50.128000+00:00,Pascal Kabika,"DO Sprint 7, DO Sprint 6","1655, 1453","closed, closed",2025-11-17T00:49:29.009000+00:00,2025-11-23T14:06:00+00:00,2025-11-27T09:12:47.240000+00:00,1655,closed,"[{""issue_key"": ""DO-50"", ""timestamp"": ""2025-11-23T21:50:21.154+0200"", ""from_status"": ""To Do"", ""to_status"": ""Done"", ""author"": ""Pascal Kabika""}, {""issue_key"": ""DO-50"", ""timestamp"": ""2025-11-24T02:46:49.978+0200"", ""from_status"": ""Done"", ""to_status"": ""Done"", ""author"": ""Sandrine CYIMANA""}, {""issue_key"": ""DO-50"", ""timestamp"": ""2025-11-24T02:46:57.660+0200"", ""from_status"": ""Done"", ""to_status"": ""To Do"", ""author"": ""Sandrine CYIMANA""}, {""issue_key"": ""DO-50"", ""timestamp"": ""2025-11-24T02:49:50.127+0200"", ""from_status"": ""To Do"", ""to_status"": ""Done"", ""author"": ""Sandrine CYIMANA""}]",4,0,0,True,1,0.0,0.0,0.0,,Dev Ops,Done,0.22,2025-47,24 Nov 2025 - 30 Nov 2025,2025-46,17 Nov 2025 - 23 Nov 2025,2025-47,24 Nov 2025 - 30 Nov 2025
DO-49,Volume Mount Path Verification,Task,Done,Done,2025-11-23T19:29:07.660000+00:00,2025-11-23T19:49:51.106000+00:00,2025-11-23T19:49:50.275000+00:00,2025-11-23T19:49:50.303000+00:00,Pascal Kabika,DO Sprint 6,1453,closed,2025-11-10T14:06:00+00:00,2025-11-16T03:23:00+00:00,2025-11-24T00:43:19.822000+00:00,1453,closed,"[{""issue_key"": ""DO-49"", ""timestamp"": ""2025-11-23T21:49:50.303+0200"", ""from_status"": ""To Do"", ""to_status"": ""Done"", ""author"": ""Pascal Kabika""}]",1,0,0,False,0,-0.0,0.0,0.0,,Dev Ops,Done,0.01,2025-46,17 Nov 2025 - 23 Nov 2025,2025-46,17 Nov 2025 - 23 Nov 2025,2025-46,17 Nov 2025 - 23 Nov 2025
DO-48,Helm Secret Configuration Review,Task,Done,Done,2025-11-23T19:28:54.977000+00:00,2025-11-23T19:50:17.123000+00:00,2025-11-23T19:50:16.654000+00:00,2025-11-23T19:50:16.679000+00:00,Pascal Kabika,DO Sprint 6,1453,closed,2025-11-10T14:06:00+00:00,2025-11-16T03:23:00+00:00,2025-11-24T00:43:19.822000+00:00,1453,closed,"[{""issue_key"": ""DO-48"", ""timestamp"": ""2025-11-23T21:50:16.679+0200"", ""from_status"": ""To Do"", ""to_status"": ""Done"", ""author"": ""Pascal Kabika""}]",1,0,0,False,0,-0.0,0.0,0.0,,Dev Ops,Done,0.01,2025-46,17 Nov 2025 - 23 Nov 2025,2025-46,17 Nov 2025 - 23 Nov 2025,2025-46,17 Nov 2025 - 23 Nov 2025
DO-47,User Authentication Troubleshooting,Task,Done,Done,2025-11-23T19:28:33.468000+00:00,2025-11-24T00:49:53.430000+00:00,2025-11-24T00:49:53.412000+00:00,2025-11-24T00:49:53.431000+00:00,Pascal Kabika,"DO Sprint 7, DO Sprint 6","1655, 1453","closed, closed",2025-11-17T00:49:29.009000+00:00,2025-11-23T14:06:00+00:00,2025-11-27T09:12:47.240000+00:00,1655,closed,"[{""issue_key"": ""DO-47"", ""timestamp"": ""2025-11-23T21:50:11.118+0200"", ""from_status"": ""To Do"", ""to_status"": ""Done"", ""author"": ""Pascal Kabika""}, {""issue_key"": ""DO-47"", ""timestamp"": ""2025-11-24T02:46:46.592+0200"", ""from_status"": ""Done"", ""to_status"": ""To Do"", ""author"": ""Sandrine CYIMANA""}, {""issue_key"": ""DO-47"", ""timestamp"": ""2025-11-24T02:49:53.430+0200"", ""from_status"": ""To Do"", ""to_status"": ""Done"", ""author"": ""Sandrine CYIMANA""}]",3,0,0,True,1,0.0,0.0,0.0,,Dev Ops,Done,0.22,2025-47,24 Nov 2025 - 30 Nov 2025,2025-46,17 Nov 2025 - 23 Nov 2025,2025-47,24 Nov 2025 - 30 Nov 2025
DO-46,"SSL/TLS Connection Requirements - Identified TLSv1.3 requirement from Superset metadata, added sslmode parameter to connection string",Task,Done,Done,2025-11-23T19:28:18.641000+00:00,2025-11-23T19:49:45.723000+00:00,2025-11-23T19:49:45.242000+00:00,2025-11-23T19:49:45.270000+00:00,Pascal Kabika,DO Sprint 6,1453,closed,2025-11-10T14:06:00+00:00,2025-11-16T03:23:00+00:00,2025-11-24T00:43:19.822000+00:00,1453,closed,"[{""issue_key"": ""DO-46"", ""timestamp"": ""2025-11-23T21:49:45.268+0200"", ""from_status"": ""To Do"", ""to_status"": ""Done"", ""author"": ""Pascal Kabika""}]",1,0,0,False,0,-0.0,0.0,0.0,,Dev Ops,Done,0.01,2025-46,17 Nov 2025 - 23 Nov 2025,2025-46,17 Nov 2025 - 23 Nov 2025,2025-46,17 Nov 2025 - 23 Nov 2025
DO-45,Pod-to-Service Network Testing,Task,Done,Done,2025-11-23T19:27:54.591000+00:00,2025-11-23T19:50:07.212000+00:00,2025-11-23T19:50:06.863000+00:00,2025-11-23T19:50:06.882000+00:00,Pascal Kabika,DO Sprint 6,1453,closed,2025-11-10T14:06:00+00:00,2025-11-16T03:23:00+00:00,2025-11-24T00:43:19.822000+00:00,1453,closed,"[{""issue_key"": ""DO-45"", ""timestamp"": ""2025-11-23T21:50:06.881+0200"", ""from_status"": ""To Do"", ""to_status"": ""Done"", ""author"": ""Pascal Kabika""}]",1,0,0,False,0,-0.0,0.0,0.0,,Dev Ops,Done,0.02,2025-46,17 Nov 2025 - 23 Nov 2025,2025-46,17 Nov 2025 - 23 Nov 2025,2025-46,17 Nov 2025 - 23 Nov 2025
DO-44,Deployment Rollback Execution - Executed kubectl rollout undo deployment/insights-superset to restore previous stable configuration,Task,Done,Done,2025-11-23T19:27:29.659000+00:00,2025-11-23T19:49:40.413000+00:00,2025-11-23T19:49:40.041000+00:00,2025-11-23T19:49:40.061000+00:00,Pascal Kabika,DO Sprint 6,1453,closed,2025-11-10T14:06:00+00:00,2025-11-16T03:23:00+00:00,2025-11-24T00:43:19.822000+00:00,1453,closed,"[{""issue_key"": ""DO-44"", ""timestamp"": ""2025-11-23T21:49:40.060+0200"", ""from_status"": ""To Do"", ""to_status"": ""Done"", ""author"": ""Pascal Kabika""}]",1,0,0,False,0,-0.0,0.0,0.0,,Dev Ops,Done,0.02,2025-46,17 Nov 2025 - 23 Nov 2025,2025-46,17 Nov 2025 - 23 Nov 2025,2025-46,17 Nov 2025 - 23 Nov 2025
DO-43,Secret Volume Mount Discovery Fix: Identified that worker pod uses Secret instead of ConfigMap by checking pod volumes,Task,Done,Done,2025-11-23T19:26:43+00:00,2025-11-23T19:49:35.193000+00:00,2025-11-23T19:49:34.831000+00:00,2025-11-23T19:49:34.850000+00:00,Pascal Kabika,DO Sprint 6,1453,closed,2025-11-10T14:06:00+00:00,2025-11-16T03:23:00+00:00,2025-11-24T00:43:19.822000+00:00,1453,closed,"[{""issue_key"": ""DO-43"", ""timestamp"": ""2025-11-23T21:49:34.849+0200"", ""from_status"": ""To Do"", ""to_status"": ""Done"", ""author"": ""Pascal Kabika""}]",1,0,0,False,0,-0.0,0.0,0.0,,Dev Ops,Done,0.02,2025-46,17 Nov 2025 - 23 Nov 2025,2025-46,17 Nov 2025 - 23 Nov 2025,2025-46,17 Nov 2025 - 23 Nov 2025
DO-42,Database Connection URI Configuration - Set SQLALCHEMY_DATABASE_URI to point to insights-postgresql:5432/superset instead of SQLite,Task,Done,Done,2025-11-23T19:26:18.579000+00:00,2025-11-23T19:49:29.974000+00:00,2025-11-23T19:49:29.552000+00:00,2025-11-23T19:49:29.580000+00:00,Pascal Kabika,DO Sprint 6,1453,closed,2025-11-10T14:06:00+00:00,2025-11-16T03:23:00+00:00,2025-11-24T00:43:19.822000+00:00,1453,closed,"[{""issue_key"": ""DO-42"", ""timestamp"": ""2025-11-23T21:49:29.579+0200"", ""from_status"": ""To Do"", ""to_status"": ""Done"", ""author"": ""Pascal Kabika""}]",1,0,0,False,0,-0.0,0.0,0.0,,Dev Ops,Done,0.02,2025-46,17 Nov 2025 - 23 Nov 2025,2025-46,17 Nov 2025 - 23 Nov 2025,2025-46,17 Nov 2025 - 23 Nov 2025
DO-41,Environment Variable Validation - Verified DATABASE_* environment variables in deployment spec using kubectl get deployment -o yaml,Task,Done,Done,2025-11-23T19:25:30.258000+00:00,2025-11-23T19:49:23.947000+00:00,2025-11-23T19:49:23.510000+00:00,2025-11-23T19:49:23.539000+00:00,Pascal Kabika,DO Sprint 6,1453,closed,2025-11-10T14:06:00+00:00,2025-11-16T03:23:00+00:00,2025-11-24T00:43:19.822000+00:00,1453,closed,"[{""issue_key"": ""DO-41"", ""timestamp"": ""2025-11-23T21:49:23.538+0200"", ""from_status"": ""To Do"", ""to_status"": ""Done"", ""author"": ""Pascal Kabika""}]",1,0,0,False,0,-0.0,0.0,0.0,,Dev Ops,Done,0.02,2025-46,17 Nov 2025 - 23 Nov 2025,2025-46,17 Nov 2025 - 23 Nov 2025,2025-46,17 Nov 2025 - 23 Nov 2025
DO-40,SQLite to PostgreSQL Migration Analysis Fix: Identified application was using SQLite instead of PostgreSQL by checking SQLALCHEMY_DATABASE_URI,Task,Done,Done,2025-11-23T19:24:56.246000+00:00,2025-11-23T19:49:18.257000+00:00,2025-11-23T19:49:17.806000+00:00,2025-11-23T19:49:17.836000+00:00,Pascal Kabika,DO Sprint 6,1453,closed,2025-11-10T14:06:00+00:00,2025-11-16T03:23:00+00:00,2025-11-24T00:43:19.822000+00:00,1453,closed,"[{""issue_key"": ""DO-40"", ""timestamp"": ""2025-11-23T21:49:17.836+0200"", ""from_status"": ""To Do"", ""to_status"": ""Done"", ""author"": ""Pascal Kabika""}]",1,0,0,False,0,-0.0,0.0,0.0,,Dev Ops,Done,0.02,2025-46,17 Nov 2025 - 23 Nov 2025,2025-46,17 Nov 2025 - 23 Nov 2025,2025-46,17 Nov 2025 - 23 Nov 2025
DO-39,Production Pod Restart Strategy Fix: Safely deleted pod using kubectl delete pod to trigger automatic recreation with new configuration,Task,Done,Done,2025-11-23T19:24:34.447000+00:00,2025-11-23T19:49:12.567000+00:00,2025-11-23T19:49:12.155000+00:00,2025-11-23T19:49:12.173000+00:00,Pascal Kabika,DO Sprint 6,1453,closed,2025-11-10T14:06:00+00:00,2025-11-16T03:23:00+00:00,2025-11-24T00:43:19.822000+00:00,1453,closed,"[{""issue_key"": ""DO-39"", ""timestamp"": ""2025-11-23T21:49:12.173+0200"", ""from_status"": ""To Do"", ""to_status"": ""Done"", ""author"": ""Pascal Kabika""}]",1,0,0,False,0,-0.0,0.0,0.0,,Dev Ops,Done,0.02,2025-46,17 Nov 2025 - 23 Nov 2025,2025-46,17 Nov 2025 - 23 Nov 2025,2025-46,17 Nov 2025 - 23 Nov 2025
DO-38,"Superset Init Configuration, Ran superset init to create default roles, permissions, and initialize application metadata",Task,Done,Done,2025-11-23T19:24:04.311000+00:00,2025-11-23T19:48:57.320000+00:00,2025-11-23T19:48:56.953000+00:00,2025-11-23T19:48:56.972000+00:00,Pascal Kabika,DO Sprint 6,1453,closed,2025-11-10T14:06:00+00:00,2025-11-16T03:23:00+00:00,2025-11-24T00:43:19.822000+00:00,1453,closed,"[{""issue_key"": ""DO-38"", ""timestamp"": ""2025-11-23T21:48:56.971+0200"", ""from_status"": ""To Do"", ""to_status"": ""Done"", ""author"": ""Pascal Kabika""}]",1,0,0,False,0,-0.0,0.0,0.0,,Dev Ops,Done,0.02,2025-46,17 Nov 2025 - 23 Nov 2025,2025-46,17 Nov 2025 - 23 Nov 2025,2025-46,17 Nov 2025 - 23 Nov 2025
DO-37,"Superset 500 Error Investigation, Analyzed application logs using kubectl to identify missing logs table error in metadata database",Task,Done,Done,2025-11-23T19:23:01.955000+00:00,2025-11-23T19:48:50.465000+00:00,2025-11-23T19:48:50.048000+00:00,2025-11-23T19:48:50.077000+00:00,Pascal Kabika,DO Sprint 6,1453,closed,2025-11-10T14:06:00+00:00,2025-11-16T03:23:00+00:00,2025-11-24T00:43:19.822000+00:00,1453,closed,"[{""issue_key"": ""DO-37"", ""timestamp"": ""2025-11-23T21:48:50.076+0200"", ""from_status"": ""To Do"", ""to_status"": ""Done"", ""author"": ""Pascal Kabika""}]",1,0,0,False,0,-0.0,0.0,0.0,,Dev Ops,Done,0.02,2025-46,17 Nov 2025 - 23 Nov 2025,2025-46,17 Nov 2025 - 23 Nov 2025,2025-46,17 Nov 2025 - 23 Nov 2025
DO-36,Make sure the Insights backup works fine,Task,Done,Done,2025-11-23T18:45:26.356000+00:00,2025-11-23T19:48:44.633000+00:00,2025-11-23T19:48:44.279000+00:00,2025-11-23T19:48:44.297000+00:00,Pascal Kabika,DO Sprint 6,1453,closed,2025-11-10T14:06:00+00:00,2025-11-16T03:23:00+00:00,2025-11-24T00:43:19.822000+00:00,1453,closed,"[{""issue_key"": ""DO-36"", ""timestamp"": ""2025-11-23T21:48:44.296+0200"", ""from_status"": ""To Do"", ""to_status"": ""Done"", ""author"": ""Pascal Kabika""}]",1,0,0,False,0,-0.0,0.0,0.0,,Dev Ops,Done,0.04,2025-46,17 Nov 2025 - 23 Nov 2025,2025-46,17 Nov 2025 - 23 Nov 2025,2025-46,17 Nov 2025 - 23 Nov 2025
DO-35,Fix the Insights 502 Error,Task,Done,Done,2025-11-23T18:44:22.843000+00:00,2025-11-23T19:48:40.224000+00:00,2025-11-23T19:48:39.810000+00:00,2025-11-23T19:48:39.829000+00:00,Pascal Kabika,DO Sprint 6,1453,closed,2025-11-10T14:06:00+00:00,2025-11-16T03:23:00+00:00,2025-11-24T00:43:19.822000+00:00,1453,closed,"[{""issue_key"": ""DO-35"", ""timestamp"": ""2025-11-23T21:48:39.828+0200"", ""from_status"": ""To Do"", ""to_status"": ""Done"", ""author"": ""Pascal Kabika""}]",1,0,0,False,0,-0.0,0.0,0.0,,Dev Ops,Done,0.04,2025-46,17 Nov 2025 - 23 Nov 2025,2025-46,17 Nov 2025 - 23 Nov 2025,2025-46,17 Nov 2025 - 23 Nov 2025
DO-34,Make susre the AOS and Bsc point to that created DB,Task,Done,Done,2025-11-23T18:40:36.418000+00:00,2025-11-23T19:50:01.740000+00:00,2025-11-23T19:50:01.394000+00:00,2025-11-23T19:50:01.412000+00:00,Pascal Kabika,DO Sprint 6,1453,closed,2025-11-10T14:06:00+00:00,2025-11-16T03:23:00+00:00,2025-11-24T00:43:19.822000+00:00,1453,closed,"[{""issue_key"": ""DO-34"", ""timestamp"": ""2025-11-23T21:50:01.411+0200"", ""from_status"": ""To Do"", ""to_status"": ""Done"", ""author"": ""Pascal Kabika""}]",1,0,0,False,0,-0.0,0.0,0.0,,Dev Ops,Done,0.05,2025-46,17 Nov 2025 - 23 Nov 2025,2025-46,17 Nov 2025 - 23 Nov 2025,2025-46,17 Nov 2025 - 23 Nov 2025
DO-33,Create a test DB on BSC,Task,Done,Done,2025-11-23T18:40:04.843000+00:00,2025-11-24T00:49:09.111000+00:00,2025-11-24T00:49:09.083000+00:00,2025-11-24T00:49:09.112000+00:00,Pascal Kabika,"DO Sprint 7, DO Sprint 6","1655, 1453","closed, closed",2025-11-17T00:49:29.009000+00:00,2025-11-23T14:06:00+00:00,2025-11-27T09:12:47.240000+00:00,1655,closed,"[{""issue_key"": ""DO-33"", ""timestamp"": ""2025-11-23T21:49:56.703+0200"", ""from_status"": ""To Do"", ""to_status"": ""Done"", ""author"": ""Pascal Kabika""}, {""issue_key"": ""DO-33"", ""timestamp"": ""2025-11-24T02:46:22.901+0200"", ""from_status"": ""Done"", ""to_status"": ""To Do"", ""author"": ""Sandrine CYIMANA""}, {""issue_key"": ""DO-33"", ""timestamp"": ""2025-11-24T02:49:09.111+0200"", ""from_status"": ""To Do"", ""to_status"": ""Done"", ""author"": ""Sandrine CYIMANA""}]",3,0,0,True,1,0.0,0.0,0.0,,Dev Ops,Done,0.26,2025-47,24 Nov 2025 - 30 Nov 2025,2025-46,17 Nov 2025 - 23 Nov 2025,2025-47,24 Nov 2025 - 30 Nov 2025
DO-32,Establish connection Between AOS and BSC,Task,Done,Done,2025-11-23T18:39:44.888000+00:00,2025-11-23T19:47:42.192000+00:00,2025-11-23T19:47:41.819000+00:00,2025-11-23T19:47:41.837000+00:00,Pascal Kabika,DO Sprint 6,1453,closed,2025-11-10T14:06:00+00:00,2025-11-16T03:23:00+00:00,2025-11-24T00:43:19.822000+00:00,1453,closed,"[{""issue_key"": ""DO-32"", ""timestamp"": ""2025-11-23T21:47:41.837+0200"", ""from_status"": ""To Do"", ""to_status"": ""Done"", ""author"": ""Pascal Kabika""}]",1,0,0,False,0,-0.0,0.0,0.0,,Dev Ops,Done,0.05,2025-46,17 Nov 2025 - 23 Nov 2025,2025-46,17 Nov 2025 - 23 Nov 2025,2025-46,17 Nov 2025 - 23 Nov 2025
SIO-161,bug- patient and Doctor details are not reflecting on the Lab technician side,Bug,Done,Done,2025-11-21T15:18:01.998000+00:00,2025-11-24T01:00:25.176000+00:00,2025-11-24T01:00:25.144000+00:00,2025-11-24T01:00:25.176000+00:00,Moise Rwibutso,SIO Sprint 9,1354,closed,2025-11-03T11:16:03+00:00,2025-11-22T23:14:00+00:00,2025-11-27T09:10:43.426000+00:00,1354,closed,"[{""issue_key"": ""SIO-161"", ""timestamp"": ""2025-11-21T17:19:30.231+0200"", ""from_status"": ""To Do"", ""to_status"": ""QA"", ""author"": ""Chaminah Uwase""}, {""issue_key"": ""SIO-161"", ""timestamp"": ""2025-11-23T15:58:56.512+0200"", ""from_status"": ""QA"", ""to_status"": ""Ready For Deployment"", ""author"": ""Chaminah Uwase""}, {""issue_key"": ""SIO-161"", ""timestamp"": ""2025-11-24T03:00:25.176+0200"", ""from_status"": ""Ready For Deployment"", ""to_status"": ""Done"", ""author"": ""Sandrine CYIMANA""}]",3,1,0,False,0,2.4,0.0,1.94,,System Integrity Operations,Done,2.4,2025-47,24 Nov 2025 - 30 Nov 2025,2025-46,17 Nov 2025 - 23 Nov 2025,2025-47,24 Nov 2025 - 30 Nov 2025
SIO-159,bug - diabetes - payment history fails to load & an error pops-up,Bug,Done,Done,2025-11-20T19:27:08.721000+00:00,2025-11-24T01:00:21.705000+00:00,2025-11-24T01:00:21.676000+00:00,2025-11-24T01:00:21.706000+00:00,Moise Rwibutso,SIO Sprint 9,1354,closed,2025-11-03T11:16:03+00:00,2025-11-22T23:14:00+00:00,2025-11-27T09:10:43.426000+00:00,1354,closed,"[{""issue_key"": ""SIO-159"", ""timestamp"": ""2025-11-23T16:01:25.222+0200"", ""from_status"": ""To Do"", ""to_status"": ""Ready For Deployment"", ""author"": ""Chaminah Uwase""}, {""issue_key"": ""SIO-159"", ""timestamp"": ""2025-11-24T03:00:21.705+0200"", ""from_status"": ""Ready For Deployment"", ""to_status"": ""Done"", ""author"": ""Sandrine CYIMANA""}]",2,0,0,False,0,0.46,0.0,0.0,,System Integrity Operations,Done,3.23,2025-47,24 Nov 2025 - 30 Nov 2025,2025-46,17 Nov 2025 - 23 Nov 2025,2025-47,24 Nov 2025 - 30 Nov 2025
SIO-145,bug- Diabetes clinic - was not able to assign a patient to a nurse after a selecting the Department ,Bug,Done,Done,2025-11-14T15:08:06.329000+00:00,2025-11-24T01:00:14.991000+00:00,2025-11-24T01:00:14.970000+00:00,2025-11-24T01:00:14.992000+00:00,Moise Rwibutso,SIO Sprint 9,1354,closed,2025-11-03T11:16:03+00:00,2025-11-22T23:14:00+00:00,2025-11-27T09:10:43.426000+00:00,1354,closed,"[{""issue_key"": ""SIO-145"", ""timestamp"": ""2025-11-14T17:10:17.649+0200"", ""from_status"": ""To Do"", ""to_status"": ""Done"", ""author"": ""Chaminah Uwase""}, {""issue_key"": ""SIO-145"", ""timestamp"": ""2025-11-14T17:10:46.326+0200"", ""from_status"": ""Done"", ""to_status"": ""QA"", ""author"": ""Chaminah Uwase""}, {""issue_key"": ""SIO-145"", ""timestamp"": ""2025-11-14T17:10:52.298+0200"", ""from_status"": ""QA"", ""to_status"": ""Ready For Deployment"", ""author"": ""Chaminah Uwase""}, {""issue_key"": ""SIO-145"", ""timestamp"": ""2025-11-17T15:26:23.736+0200"", ""from_status"": ""Ready For Deployment"", ""to_status"": ""QA"", ""author"": ""Chaminah Uwase""}, {""issue_key"": ""SIO-145"", ""timestamp"": ""2025-11-17T15:26:45.597+0200"", ""from_status"": ""QA"", ""to_status"": ""Ready For Deployment"", ""author"": ""Chaminah Uwase""}, {""issue_key"": ""SIO-145"", ""timestamp"": ""2025-11-18T11:49:23.821+0200"", ""from_status"": ""Ready For Deployment"", ""to_status"": ""To Do"", ""author"": ""Chaminah Uwase""}, {""issue_key"": ""SIO-145"", ""timestamp"": ""2025-11-18T12:52:57.147+0200"", ""from_status"": ""To Do"", ""to_status"": ""Ready For Deployment"", ""author"": ""Chaminah Uwase""}, {""issue_key"": ""SIO-145"", ""timestamp"": ""2025-11-24T03:00:14.991+0200"", ""from_status"": ""Ready For Deployment"", ""to_status"": ""Done"", ""author"": ""Sandrine CYIMANA""}]",8,2,0,True,3,5.63,0.0,0.0,,System Integrity Operations,Done,9.41,2025-47,24 Nov 2025 - 30 Nov 2025,2025-45,10 Nov 2025 - 16 Nov 2025,2025-47,24 Nov 2025 - 30 Nov 2025
SIO-143,Fix - Diabetes Clinic -  I am not seeing any patient in consultancy on the nurse's Dashboard,Bug,Done,Done,2025-11-12T11:15:57.668000+00:00,2025-11-24T01:00:18.348000+00:00,2025-11-24T01:00:18.320000+00:00,2025-11-24T01:00:18.349000+00:00,Moise Rwibutso,SIO Sprint 9,1354,closed,2025-11-03T11:16:03+00:00,2025-11-22T23:14:00+00:00,2025-11-27T09:10:43.426000+00:00,1354,closed,"[{""issue_key"": ""SIO-143"", ""timestamp"": ""2025-11-13T16:07:40.460+0200"", ""from_status"": ""To Do"", ""to_status"": ""In Progress"", ""author"": ""Moise Rwibutso""}, {""issue_key"": ""SIO-143"", ""timestamp"": ""2025-11-18T11:49:30.217+0200"", ""from_status"": ""In Progress"", ""to_status"": ""To Do"", ""author"": ""Chaminah Uwase""}, {""issue_key"": ""SIO-143"", ""timestamp"": ""2025-11-18T12:54:08.107+0200"", ""from_status"": ""To Do"", ""to_status"": ""Ready For Deployment"", ""author"": ""Chaminah Uwase""}, {""issue_key"": ""SIO-143"", ""timestamp"": ""2025-11-24T03:00:18.348+0200"", ""from_status"": ""Ready For Deployment"", ""to_status"": ""Done"", ""author"": ""Sandrine CYIMANA""}]",4,0,0,True,1,10.45,4.82,0.0,0.0,System Integrity Operations,Done,11.57,2025-47,24 Nov 2025 - 30 Nov 2025,2025-45,10 Nov 2025 - 16 Nov 2025,2025-47,24 Nov 2025 - 30 Nov 2025
INTEGRAT-270,HMIS report Testing phase2 - IX. Laboratory,Task,In Progress,In Progress,2025-11-06T10:14:27.366000+00:00,2025-11-24T01:08:37.686000+00:00,,2025-11-24T01:08:31.132000+00:00,Chaminah Uwase,IR Sprint 10,1486,active,2025-11-17T01:10:51.187000+00:00,2025-11-23T01:10:00+00:00,,1486,active,"[{""issue_key"": ""INTEGRAT-270"", ""timestamp"": ""2025-11-08T14:16:25.332+0200"", ""from_status"": ""To Do"", ""to_status"": ""Done"", ""author"": ""Chaminah Uwase""}, {""issue_key"": ""INTEGRAT-270"", ""timestamp"": ""2025-11-24T03:08:31.131+0200"", ""from_status"": ""Done"", ""to_status"": ""In Progress"", ""author"": ""Sandrine CYIMANA""}]",2,0,0,True,1,0.0,0.0,0.0,0.0,Integrations & Reports,In Progress,0.0,,None,2025-44,03 Nov 2025 - 09 Nov 2025,2025-47,24 Nov 2025 - 30 Nov 2025
INTEGRAT-251,HMIS report Testing phase 2 - X. Stock of Tracer Drugs,Task,In Progress,In Progress,2025-11-04T12:25:26.037000+00:00,2025-11-24T01:07:39.236000+00:00,,2025-11-24T01:07:39.237000+00:00,Chaminah Uwase,IR Sprint 10,1486,active,2025-11-17T01:10:51.187000+00:00,2025-11-23T01:10:00+00:00,,1486,active,"[{""issue_key"": ""INTEGRAT-251"", ""timestamp"": ""2025-11-04T14:29:55.572+0200"", ""from_status"": ""To Do"", ""to_status"": ""In Progress"", ""author"": ""Chaminah Uwase""}, {""issue_key"": ""INTEGRAT-251"", ""timestamp"": ""2025-11-16T17:45:05.293+0200"", ""from_status"": ""In Progress"", ""to_status"": ""QA"", ""author"": ""Chaminah Uwase""}, {""issue_key"": ""INTEGRAT-251"", ""timestamp"": ""2025-11-16T17:45:15.403+0200"", ""from_status"": ""QA"", ""to_status"": ""Done"", ""author"": ""Chaminah Uwase""}, {""issue_key"": ""INTEGRAT-251"", ""timestamp"": ""2025-11-24T03:07:39.236+0200"", ""from_status"": ""Done"", ""to_status"": ""In Progress"", ""author"": ""Sandrine CYIMANA""}]",4,1,0,True,1,19.53,12.14,0.0,0.0,Integrations & Reports,In Progress,0.0,,None,2025-44,03 Nov 2025 - 09 Nov 2025,2025-47,24 Nov 2025 - 30 Nov 2025
INTEGRAT-246,HMIS report Testing phase 2 -Family Planning - B	Summary by age For New Acceptors in the program by age group (All methods),Task,In Progress,In Progress,2025-11-04T10:28:26.284000+00:00,2025-11-24T01:08:19.493000+00:00,,2025-11-24T01:08:19.494000+00:00,Chaminah Uwase,IR Sprint 10,1486,active,2025-11-17T01:10:51.187000+00:00,2025-11-23T01:10:00+00:00,,1486,active,"[{""issue_key"": ""INTEGRAT-246"", ""timestamp"": ""2025-11-04T12:34:10.309+0200"", ""from_status"": ""To Do"", ""to_status"": ""QA"", ""author"": ""Chaminah Uwase""}, {""issue_key"": ""INTEGRAT-246"", ""timestamp"": ""2025-11-04T14:30:25.480+0200"", ""from_status"": ""QA"", ""to_status"": ""In Progress"", ""author"": ""Chaminah Uwase""}, {""issue_key"": ""INTEGRAT-246"", ""timestamp"": ""2025-11-08T14:18:02.629+0200"", ""from_status"": ""In Progress"", ""to_status"": ""Done"", ""author"": ""Chaminah Uwase""}, {""issue_key"": ""INTEGRAT-246"", ""timestamp"": ""2025-11-24T03:08:19.493+0200"", ""from_status"": ""Done"", ""to_status"": ""In Progress"", ""author"": ""Sandrine CYIMANA""}]",4,1,1,True,2,19.53,3.99,0.08,0.0,Integrations & Reports,In Progress,0.0,,None,2025-44,03 Nov 2025 - 09 Nov 2025,2025-47,24 Nov 2025 - 30 Nov 2025
INTEGRAT-114,Integration of MMI Insurance,Task,In Progress,In Progress,2025-10-27T02:46:44.472000+00:00,2025-11-24T01:05:40.376000+00:00,,2025-10-27T02:46:54.704000+00:00,Placide,IR Sprint 10,1486,active,2025-11-17T01:10:51.187000+00:00,2025-11-23T01:10:00+00:00,,1486,active,"[{""issue_key"": ""INTEGRAT-114"", ""timestamp"": ""2025-10-27T04:46:54.704+0200"", ""from_status"": ""To Do"", ""to_status"": ""In Progress"", ""author"": ""Sandrine CYIMANA""}]",1,0,0,False,0,0.0,0.0,0.0,0.0,Integrations & Reports,In Progress,0.0,,None,2025-43,27 Oct 2025 - 02 Nov 2025,2025-47,24 Nov 2025 - 30 Nov 2025
DO-27,Optimize patient update and creation to remove locks,Task,Done,Done,2025-10-23T14:42:16.506000+00:00,2025-11-24T04:15:37.896000+00:00,2025-11-24T04:15:37.869000+00:00,2025-11-24T04:15:37.897000+00:00,Placide,DO Sprint 7,1655,closed,2025-11-17T00:49:29.009000+00:00,2025-11-23T14:06:00+00:00,2025-11-27T09:12:47.240000+00:00,1655,closed,"[{""issue_key"": ""DO-27"", ""timestamp"": ""2025-10-23T16:42:16.961+0200"", ""from_status"": ""To Do"", ""to_status"": ""In Progress"", ""author"": ""Placide""}, {""issue_key"": ""DO-27"", ""timestamp"": ""2025-11-24T06:15:34.084+0200"", ""from_status"": ""In Progress"", ""to_status"": ""QA"", ""author"": ""Placide""}, {""issue_key"": ""DO-27"", ""timestamp"": ""2025-11-24T06:15:37.896+0200"", ""from_status"": ""QA"", ""to_status"": ""Done"", ""author"": ""Placide""}]",3,1,0,False,0,31.56,31.56,0.0,0.0,Dev Ops,Done,31.56,2025-47,24 Nov 2025 - 30 Nov 2025,2025-42,20 Oct 2025 - 26 Oct 2025,2025-47,24 Nov 2025 - 30 Nov 2025
INTEGRAT-103,"bug-Family Planning testing "" New Acceptors in the Program "" vS "" New users   of FP Method "" ",Task,Ready for deployment,In Progress,2025-09-30T16:39:27.884000+00:00,2025-11-24T01:05:38.888000+00:00,,2025-11-17T13:22:42.390000+00:00,Moise Rwibutso,IR Sprint 10,1486,active,2025-11-17T01:10:51.187000+00:00,2025-11-23T01:10:00+00:00,,1486,active,"[{""issue_key"": ""INTEGRAT-103"", ""timestamp"": ""2025-10-27T04:45:32.253+0200"", ""from_status"": ""To Do"", ""to_status"": ""In Progress"", ""author"": ""Sandrine CYIMANA""}, {""issue_key"": ""INTEGRAT-103"", ""timestamp"": ""2025-11-03T03:44:29.647+0200"", ""from_status"": ""In Progress"", ""to_status"": ""IN REVIEW"", ""author"": ""Moise Rwibutso""}, {""issue_key"": ""INTEGRAT-103"", ""timestamp"": ""2025-11-04T10:01:41.377+0200"", ""from_status"": ""IN REVIEW"", ""to_status"": ""QA"", ""author"": ""Chaminah Uwase""}, {""issue_key"": ""INTEGRAT-103"", ""timestamp"": ""2025-11-04T11:41:35.599+0200"", ""from_status"": ""QA"", ""to_status"": ""Ready for deployment"", ""author"": ""Chaminah Uwase""}, {""issue_key"": ""INTEGRAT-103"", ""timestamp"": ""2025-11-12T12:05:34.525+0200"", ""from_status"": ""Ready for deployment"", ""to_status"": ""Done"", ""author"": ""Sandrine CYIMANA""}, {""issue_key"": ""INTEGRAT-103"", ""timestamp"": ""2025-11-17T15:22:42.389+0200"", ""from_status"": ""Done"", ""to_status"": ""Ready for deployment"", ""author"": ""Chaminah Uwase""}]",6,2,0,True,1,21.44,6.96,1.33,0.0,Integrations & Reports,Done,0.0,,None,2025-39,29 Sep 2025 - 05 Oct 2025,2025-47,24 Nov 2025 - 30 Nov 2025
INTEGRAT-97,Ensuring the accuracy of the reports ( 98% ),Task,In Progress,In Progress,2025-09-29T09:03:31.144000+00:00,2025-11-24T01:05:39.538000+00:00,,2025-10-27T02:47:01.889000+00:00,Placide,"IR Sprint 10, IR Sprint 5","1486, 1034","active, closed",2025-11-17T01:10:51.187000+00:00,2025-11-23T01:10:00+00:00,,1486,active,"[{""issue_key"": ""INTEGRAT-97"", ""timestamp"": ""2025-10-27T04:47:01.888+0200"", ""from_status"": ""To Do"", ""to_status"": ""In Progress"", ""author"": ""Sandrine CYIMANA""}]",1,0,0,False,0,0.0,0.0,0.0,0.0,Integrations & Reports,In Progress,0.0,,None,2025-39,29 Sep 2025 - 05 Oct 2025,2025-47,24 Nov 2025 - 30 Nov 2025
INTEGRAT-91,Family planning Mismatch investigation,Task,Ready for deployment,In Progress,2025-09-25T13:21:48.738000+00:00,2025-11-24T19:11:25.158000+00:00,,2025-11-24T01:08:57.058000+00:00,Moise Rwibutso,IR Sprint 10,1486,active,2025-11-17T01:10:51.187000+00:00,2025-11-23T01:10:00+00:00,,1486,active,"[{""issue_key"": ""INTEGRAT-91"", ""timestamp"": ""2025-11-12T18:28:49.659+0200"", ""from_status"": ""To Do"", ""to_status"": ""Done"", ""author"": ""Chaminah Uwase""}, {""issue_key"": ""INTEGRAT-91"", ""timestamp"": ""2025-11-24T03:08:57.057+0200"", ""from_status"": ""Done"", ""to_status"": ""In Progress"", ""author"": ""Sandrine CYIMANA""}, {""issue_key"": ""INTEGRAT-91"", ""timestamp"": ""2025-11-24T21:11:11.480+0200"", ""from_status"": ""In Progress"", ""to_status"": ""QA"", ""author"": ""Moise Rwibutso""}, {""issue_key"": ""INTEGRAT-91"", ""timestamp"": ""2025-11-24T21:11:23.410+0200"", ""from_status"": ""QA"", ""to_status"": ""BUG FIX"", ""author"": ""Moise Rwibutso""}, {""issue_key"": ""INTEGRAT-91"", ""timestamp"": ""2025-11-24T21:11:24.678+0200"", ""from_status"": ""BUG FIX"", ""to_status"": ""Ready for deployment"", ""author"": ""Moise Rwibutso""}]",5,1,1,True,2,0.75,0.75,0.0,0.0,Integrations & Reports,Done,0.0,,None,2025-38,22 Sep 2025 - 28 Sep 2025,2025-47,24 Nov 2025 - 30 Nov 2025
INTEGRAT-90,"Stock of drugs Section : Huge mismatch"" ",Task,Ready for deployment,In Progress,2025-09-25T13:14:48.497000+00:00,2025-11-24T01:05:37.253000+00:00,,2025-11-12T18:55:29.545000+00:00,Moise Rwibutso,IR Sprint 10,1486,active,2025-11-17T01:10:51.187000+00:00,2025-11-23T01:10:00+00:00,,1486,active,"[{""issue_key"": ""INTEGRAT-90"", ""timestamp"": ""2025-11-12T20:55:29.544+0200"", ""from_status"": ""To Do"", ""to_status"": ""QA"", ""author"": ""Chaminah Uwase""}, {""issue_key"": ""INTEGRAT-90"", ""timestamp"": ""2025-11-12T21:15:16.340+0200"", ""from_status"": ""QA"", ""to_status"": ""BUG FIX"", ""author"": ""Chaminah Uwase""}, {""issue_key"": ""INTEGRAT-90"", ""timestamp"": ""2025-11-16T20:06:27.151+0200"", ""from_status"": ""BUG FIX"", ""to_status"": ""Ready for deployment"", ""author"": ""Chaminah Uwase""}]",3,1,1,True,1,3.97,3.95,0.01,,Integrations & Reports,Done,0.0,,None,2025-38,22 Sep 2025 - 28 Sep 2025,2025-47,24 Nov 2025 - 30 Nov 2025
INTEGRAT-89,"Laboratory : Blood Cat, Further investigation on ""RPR"" and "" Other lab test"" mismatch",Task,Ready for deployment,In Progress,2025-09-25T13:10:09.756000+00:00,2025-11-24T01:05:40.089000+00:00,,2025-11-16T18:01:13.911000+00:00,Placide,IR Sprint 10,1486,active,2025-11-17T01:10:51.187000+00:00,2025-11-23T01:10:00+00:00,,1486,active,"[{""issue_key"": ""INTEGRAT-89"", ""timestamp"": ""2025-11-16T20:01:08.523+0200"", ""from_status"": ""To Do"", ""to_status"": ""Done"", ""author"": ""Chaminah Uwase""}, {""issue_key"": ""INTEGRAT-89"", ""timestamp"": ""2025-11-16T20:01:13.910+0200"", ""from_status"": ""Done"", ""to_status"": ""Ready for deployment"", ""author"": ""Chaminah Uwase""}]",2,0,0,True,1,0.0,0.0,0.0,,Integrations & Reports,Done,0.0,,None,2025-38,22 Sep 2025 - 28 Sep 2025,2025-47,24 Nov 2025 - 30 Nov 2025
INTEGRAT-59,Integration With Kwivuza - Further Investigation For the N/A Results For the ID column. ,Task,In Progress,In Progress,2025-09-06T08:38:18.628000+00:00,2025-11-24T01:05:39.240000+00:00,,2025-09-06T09:50:50.936000+00:00,Placide,"IR Sprint 10, IR Sprint 5","1486, 1034","active, closed",2025-11-17T01:10:51.187000+00:00,2025-11-23T01:10:00+00:00,,1486,active,"[{""issue_key"": ""INTEGRAT-59"", ""timestamp"": ""2025-09-06T11:50:50.936+0200"", ""from_status"": ""To Do"", ""to_status"": ""In Progress"", ""author"": ""Chaminah Uwase""}]",1,0,0,False,0,0.0,0.0,0.0,0.0,Integrations & Reports,In Progress,0.0,,None,2025-35,01 Sep 2025 - 07 Sep 2025,2025-47,24 Nov 2025 - 30 Nov 2025
INTEGRAT-25,new Project - Lab Inventory management,Task,In Progress,In Progress,2025-07-07T08:49:10.755000+00:00,2025-11-24T01:05:39.824000+00:00,,2025-07-28T08:43:14.075000+00:00,Placide,"IR Sprint 1, IR Sprint 10, IR Sprint 5","35, 1486, 1034","closed, active, closed",2025-06-02T08:00:22+00:00,2025-06-06T15:00:00+00:00,2025-07-08T21:11:09.916000+00:00,35,closed,"[{""issue_key"": ""INTEGRAT-25"", ""timestamp"": ""2025-07-28T10:43:14.074+0200"", ""from_status"": ""To Do"", ""to_status"": ""In Progress"", ""author"": ""Sandrine CYIMANA""}]",1,0,0,False,0,0.0,0.0,0.0,0.0,Integrations & Reports,In Progress,0.0,,None,2025-27,07 Jul 2025 - 13 Jul 2025,2025-47,24 Nov 2025 - 30 Nov 2025
